<?xml version="1.0" encoding="UTF-8"?>
<project-private xmlns="http://www.netbeans.org/ns/project-private/1">
    <editor-bookmarks xmlns="http://www.netbeans.org/ns/editor-bookmarks/2" lastBookmarkId="0"/>
    <open-files xmlns="http://www.netbeans.org/ns/projectui-open-files/2">
        <group>
            <file>file:/C:/xampp/htdocs/ESTI/esti_shop/cart.php</file>
            <file>file:/C:/xampp/htdocs/ESTI/esti_shop/php/deleteproduct.php</file>
            <file>file:/C:/xampp/htdocs/ESTI/esti_shop/js/shop.js</file>
            <file>file:/C:/xampp/htdocs/ESTI/esti_shop/config/connect.php</file>
            <file>file:/C:/xampp/htdocs/ESTI/esti_shop/php/addtocart.php</file>
        </group>
    </open-files>
</project-private>
